CalendarKey,Full_Date,Day,Day_Name,Month,Month_Name,Quarter,Year
20240225,2024-02-25,25,Sunday,2,February,1,2024
20240226,2024-02-26,26,Monday,2,February,1,2024
20240227,2024-02-27,27,Tuesday,2,February,1,2024
20240228,2024-02-28,28,Wednesday,2,February,1,2024
20240229,2024-02-29,29,Thursday,2,February,1,2024
20240301,2024-03-01,1,Friday,3,March,1,2024
20240302,2024-03-02,2,Saturday,3,March,1,2024
20240303,2024-03-03,3,Sunday,3,March,1,2024
20240304,2024-03-04,4,Monday,3,March,1,2024
20240305,2024-03-05,5,Tuesday,3,March,1,2024
20240306,2024-03-06,6,Wednesday,3,March,1,2024
20240307,2024-03-07,7,Thursday,3,March,1,2024
20240308,2024-03-08,8,Friday,3,March,1,2024
20240309,2024-03-09,9,Saturday,3,March,1,2024
20240310,2024-03-10,10,Sunday,3,March,1,2024
20240311,2024-03-11,11,Monday,3,March,1,2024
20240312,2024-03-12,12,Tuesday,3,March,1,2024
20240313,2024-03-13,13,Wednesday,3,March,1,2024
20240314,2024-03-14,14,Thursday,3,March,1,2024
20240315,2024-03-15,15,Friday,3,March,1,2024
20240316,2024-03-16,16,Saturday,3,March,1,2024
20240317,2024-03-17,17,Sunday,3,March,1,2024
20240318,2024-03-18,18,Monday,3,March,1,2024
20240319,2024-03-19,19,Tuesday,3,March,1,2024
20240320,2024-03-20,20,Wednesday,3,March,1,2024
20240321,2024-03-21,21,Thursday,3,March,1,2024
20240322,2024-03-22,22,Friday,3,March,1,2024
20240323,2024-03-23,23,Saturday,3,March,1,2024
20240324,2024-03-24,24,Sunday,3,March,1,2024
20240325,2024-03-25,25,Monday,3,March,1,2024
20240326,2024-03-26,26,Tuesday,3,March,1,2024
20240327,2024-03-27,27,Wednesday,3,March,1,2024
20240328,2024-03-28,28,Thursday,3,March,1,2024
20240329,2024-03-29,29,Friday,3,March,1,2024
20240330,2024-03-30,30,Saturday,3,March,1,2024
20240331,2024-03-31,31,Sunday,3,March,1,2024
20240401,2024-04-01,1,Monday,4,April,2,2024
20240402,2024-04-02,2,Tuesday,4,April,2,2024
20240403,2024-04-03,3,Wednesday,4,April,2,2024
20240404,2024-04-04,4,Thursday,4,April,2,2024
20240405,2024-04-05,5,Friday,4,April,2,2024
20240406,2024-04-06,6,Saturday,4,April,2,2024
20240407,2024-04-07,7,Sunday,4,April,2,2024
20240408,2024-04-08,8,Monday,4,April,2,2024
20240409,2024-04-09,9,Tuesday,4,April,2,2024
20240410,2024-04-10,10,Wednesday,4,April,2,2024
20240411,2024-04-11,11,Thursday,4,April,2,2024
20240412,2024-04-12,12,Friday,4,April,2,2024
20240413,2024-04-13,13,Saturday,4,April,2,2024
20240414,2024-04-14,14,Sunday,4,April,2,2024
20240415,2024-04-15,15,Monday,4,April,2,2024
20240416,2024-04-16,16,Tuesday,4,April,2,2024
20240417,2024-04-17,17,Wednesday,4,April,2,2024
20240418,2024-04-18,18,Thursday,4,April,2,2024
20240419,2024-04-19,19,Friday,4,April,2,2024
20240420,2024-04-20,20,Saturday,4,April,2,2024
20240421,2024-04-21,21,Sunday,4,April,2,2024
20240422,2024-04-22,22,Monday,4,April,2,2024
20240423,2024-04-23,23,Tuesday,4,April,2,2024
20240424,2024-04-24,24,Wednesday,4,April,2,2024
20240425,2024-04-25,25,Thursday,4,April,2,2024
20240426,2024-04-26,26,Friday,4,April,2,2024
20240427,2024-04-27,27,Saturday,4,April,2,2024
20240428,2024-04-28,28,Sunday,4,April,2,2024
20240429,2024-04-29,29,Monday,4,April,2,2024
20240430,2024-04-30,30,Tuesday,4,April,2,2024
20240501,2024-05-01,1,Wednesday,5,May,2,2024
20240502,2024-05-02,2,Thursday,5,May,2,2024
20240503,2024-05-03,3,Friday,5,May,2,2024
20240504,2024-05-04,4,Saturday,5,May,2,2024
20240505,2024-05-05,5,Sunday,5,May,2,2024
20240506,2024-05-06,6,Monday,5,May,2,2024
20240507,2024-05-07,7,Tuesday,5,May,2,2024
20240508,2024-05-08,8,Wednesday,5,May,2,2024
20240509,2024-05-09,9,Thursday,5,May,2,2024
20240510,2024-05-10,10,Friday,5,May,2,2024
20240511,2024-05-11,11,Saturday,5,May,2,2024
20240512,2024-05-12,12,Sunday,5,May,2,2024
20240513,2024-05-13,13,Monday,5,May,2,2024
20240514,2024-05-14,14,Tuesday,5,May,2,2024
20240515,2024-05-15,15,Wednesday,5,May,2,2024
20240516,2024-05-16,16,Thursday,5,May,2,2024
20240517,2024-05-17,17,Friday,5,May,2,2024
20240518,2024-05-18,18,Saturday,5,May,2,2024
20240519,2024-05-19,19,Sunday,5,May,2,2024
20240520,2024-05-20,20,Monday,5,May,2,2024
20240521,2024-05-21,21,Tuesday,5,May,2,2024
20240522,2024-05-22,22,Wednesday,5,May,2,2024
20240523,2024-05-23,23,Thursday,5,May,2,2024
20240524,2024-05-24,24,Friday,5,May,2,2024
20240525,2024-05-25,25,Saturday,5,May,2,2024
20240526,2024-05-26,26,Sunday,5,May,2,2024
20240527,2024-05-27,27,Monday,5,May,2,2024
20240528,2024-05-28,28,Tuesday,5,May,2,2024
20240529,2024-05-29,29,Wednesday,5,May,2,2024
20240530,2024-05-30,30,Thursday,5,May,2,2024
20240531,2024-05-31,31,Friday,5,May,2,2024
20240601,2024-06-01,1,Saturday,6,June,2,2024
20240602,2024-06-02,2,Sunday,6,June,2,2024
20240603,2024-06-03,3,Monday,6,June,2,2024
20240604,2024-06-04,4,Tuesday,6,June,2,2024
20240605,2024-06-05,5,Wednesday,6,June,2,2024
20240606,2024-06-06,6,Thursday,6,June,2,2024
20240607,2024-06-07,7,Friday,6,June,2,2024
20240608,2024-06-08,8,Saturday,6,June,2,2024
20240609,2024-06-09,9,Sunday,6,June,2,2024
20240610,2024-06-10,10,Monday,6,June,2,2024
20240611,2024-06-11,11,Tuesday,6,June,2,2024
20240612,2024-06-12,12,Wednesday,6,June,2,2024
20240613,2024-06-13,13,Thursday,6,June,2,2024
20240614,2024-06-14,14,Friday,6,June,2,2024
20240615,2024-06-15,15,Saturday,6,June,2,2024
20240616,2024-06-16,16,Sunday,6,June,2,2024
20240617,2024-06-17,17,Monday,6,June,2,2024
20240618,2024-06-18,18,Tuesday,6,June,2,2024
20240619,2024-06-19,19,Wednesday,6,June,2,2024
20240620,2024-06-20,20,Thursday,6,June,2,2024
20240621,2024-06-21,21,Friday,6,June,2,2024
20240622,2024-06-22,22,Saturday,6,June,2,2024
20240623,2024-06-23,23,Sunday,6,June,2,2024
20240624,2024-06-24,24,Monday,6,June,2,2024
20240625,2024-06-25,25,Tuesday,6,June,2,2024
20240626,2024-06-26,26,Wednesday,6,June,2,2024
20240627,2024-06-27,27,Thursday,6,June,2,2024
20240628,2024-06-28,28,Friday,6,June,2,2024
20240629,2024-06-29,29,Saturday,6,June,2,2024
20240630,2024-06-30,30,Sunday,6,June,2,2024
20240701,2024-07-01,1,Monday,7,July,3,2024
